City,LAT,LON,Weather,Desription,Temp,Temp Feels,Temp Min,Temp Max,Pressure,Humidity,Visibility,Clouds,Wind Speed,country
São Raimundo das Mangabeiras,-7.0219,-45.4811,Clouds,broken clouds,295.78,296.37,295.78,295.78,1011,87,10000,67,0.44,BR
Pangnirtung,66.1451,-65.7125,Snow,light snow,274.63,271.37,274.63,274.63,1026,83,10000,100,3.07,CA
Kavos,38.8268,22.8322,Clouds,few clouds,285.72,285.64,283.15,288.15,1013,100,10000,20,0.56,GR
Dikson,73.5069,80.5464,Clouds,overcast clouds,265.0,258.72,265.0,265.0,1007,87,10000,96,4.15,RU
Bol,13.4586,14.7147,Clouds,broken clouds,299.51,299.51,299.51,299.51,1007,36,10000,57,6.63,TD
Chui,-33.6971,-53.4616,Clear,clear sky,284.88,284.43,284.88,284.88,1023,89,10000,1,2.31,UY
Pevek,69.7008,170.3133,Clouds,overcast clouds,269.52,266.45,269.52,269.52,1020,83,9228,99,2.01,RU
Codrington,-38.2667,141.9667,Clear,clear sky,293.06,292.46,293.06,293.06,1022,52,10000,7,3.7,AU
Luganville,-15.5333,167.1667,Clouds,broken clouds,299.7,299.7,299.7,299.7,1011,68,10000,83,5.44,VU
Kiunga,-6.1219,141.2906,Clouds,overcast clouds,304.22,306.72,304.22,304.22,1008,54,10000,100,1.49,PG
Avarua,-21.2078,-159.775,Clouds,overcast clouds,300.15,303.18,300.15,300.15,1014,83,10000,97,3.09,CK
Ushuaia,-54.8,-68.3,Rain,light rain,275.15,268.68,275.15,275.15,997,80,10000,40,10.29,AR
Albany,42.6001,-73.9662,Clouds,overcast clouds,286.42,286.13,285.93,287.04,1006,89,10000,88,1.14,US
Znamenskoye,57.1281,73.8282,Clouds,overcast clouds,285.48,284.23,285.48,285.48,1006,56,10000,100,4.7,RU
Bredasdorp,-34.5322,20.0403,Clouds,few clouds,285.15,284.68,285.15,285.15,1017,87,10000,17,2.06,ZA
Taoudenni,22.6783,-3.9836,Clouds,scattered clouds,304.33,302.31,304.33,304.33,1007,18,10000,29,4.62,ML
Nikolskoye,59.7035,30.7861,Clear,clear sky,276.88,275.04,276.48,277.15,1015,60,10000,0,2.0,RU
Lata,40.1629,-8.3327,Clouds,overcast clouds,285.69,284.98,283.71,287.59,1011,76,10000,98,0.89,PT
Padang,-0.9492,100.3543,Clouds,overcast clouds,301.75,306.24,301.75,301.75,1012,77,10000,100,2.23,ID
Sur,22.5667,59.5289,Clouds,overcast clouds,306.72,305.71,306.72,306.72,1010,29,10000,96,2.95,OM
Kapaa,22.0752,-159.319,Rain,light rain,294.37,294.71,293.71,296.15,1017,83,10000,90,5.66,US
East London,-33.0153,27.9116,Clouds,broken clouds,290.15,290.2,290.15,290.15,1013,88,10000,75,5.14,ZA
Saint Paul Harbor,57.79,-152.4072,Clouds,overcast clouds,280.15,278.0,280.15,280.15,1005,87,10000,90,3.09,US
Kaputa,-8.4689,29.6619,Clouds,scattered clouds,293.06,293.4,293.06,293.06,1014,88,10000,32,0.91,ZM
Souillac,-20.5167,57.5167,Rain,light rain,299.15,299.15,299.15,299.15,1018,89,10000,75,6.17,MU
Boguchany,58.3814,97.4531,Clouds,overcast clouds,279.28,277.21,279.28,279.28,1014,56,10000,100,2.73,RU
Barrow,71.2906,-156.7887,Clouds,overcast clouds,266.15,259.75,266.15,266.15,1007,86,10000,90,4.63,US
Turukhansk,65.8167,87.9833,Clouds,overcast clouds,273.3,270.78,273.3,273.3,1011,98,3979,100,2.07,RU
Aragarças,-15.8975,-52.2508,Clouds,overcast clouds,294.92,294.8,294.92,294.92,1013,63,10000,100,1.32,BR
Kurikka,62.6167,22.4167,Clear,clear sky,271.11,268.86,269.15,272.04,1013,93,10000,0,1.63,FI
Kavieng,-2.5744,150.7967,Rain,light rain,302.33,305.52,302.33,302.33,1008,66,10000,94,5.02,PG
Mataura,-46.1927,168.8643,Rain,light rain,285.93,285.72,285.93,285.93,1018,94,10000,96,5.81,NZ
Kaeo,-35.1,173.7833,Clouds,broken clouds,291.48,291.09,291.48,291.48,1022,66,10000,63,1.34,NZ
Hilo,19.7297,-155.09,Rain,light rain,295.85,295.66,292.59,300.15,1016,57,10000,75,2.06,US
Cayenne,4.9333,-52.3333,Clouds,overcast clouds,298.48,299.52,298.15,298.71,1011,94,10000,90,2.57,GF
Jamestown,42.097,-79.2353,Clouds,overcast clouds,290.15,290.36,290.15,290.15,1011,94,10000,90,3.09,US
Butaritari,3.0707,172.7902,Rain,light rain,301.4,304.76,301.4,301.4,1008,73,10000,94,4.47,KI
Tottori-shi,35.5,134.2333,Clouds,broken clouds,287.15,287.06,287.15,287.15,1007,94,10000,75,2.06,JP
Dezful,32.3811,48.4058,Clear,clear sky,302.25,300.59,302.25,302.25,1010,14,10000,0,0.73,IR
Vaitape,-16.5167,-151.75,Rain,light rain,300.83,303.69,300.83,300.83,1014,74,10000,78,4.62,PF
Norman Wells,65.282,-126.8329,Clouds,few clouds,271.15,264.34,271.15,271.15,1018,43,10000,20,7.72,CA
Rio Grande,-32.035,-52.0986,Clear,clear sky,287.47,287.02,287.47,287.47,1023,79,10000,1,2.88,BR
Balabac,7.9868,117.0645,Clouds,overcast clouds,302.63,306.54,302.63,302.63,1011,68,10000,99,4.76,PH
Kaa-Khem,51.6833,94.7333,Clouds,broken clouds,285.4,283.67,285.4,285.4,1015,38,10000,51,7.61,RU
Ancud,-41.8697,-73.8203,Clouds,overcast clouds,286.32,286.3,284.26,288.15,1015,100,4800,90,4.63,CL
Cape Town,-33.9258,18.4232,Clouds,few clouds,286.26,285.9,284.82,287.59,1019,87,10000,20,3.6,ZA
Upernavik,72.7868,-56.1549,Clouds,few clouds,264.22,258.7,264.22,264.22,1037,94,10000,18,3.2,GL
Bluff,-46.6,168.3333,Clouds,overcast clouds,285.93,285.72,285.93,285.93,1018,94,10000,96,5.81,NZ
Clyde River,70.4692,-68.5914,Clouds,overcast clouds,268.15,263.55,268.15,268.15,1031,100,10000,90,3.09,CA
Olafsvik,64.8945,-23.7142,Clouds,few clouds,277.96,277.96,277.96,277.96,1027,75,10000,18,0.47,IS
Hobart,-42.8794,147.3294,Clouds,scattered clouds,292.6,291.72,292.04,294.15,1019,43,10000,40,5.14,AU
Fort Nelson,58.8053,-122.7002,Clouds,broken clouds,275.15,273.62,275.15,275.15,1018,51,10000,75,1.54,CA
Maltahöhe,-24.8333,16.9833,Rain,light rain,288.78,287.7,288.78,288.78,1014,50,10000,15,1.38,NA
Bereda,43.2686,-7.5406,Clouds,scattered clouds,277.04,277.04,277.04,277.04,1009,100,10000,27,0.45,ES
Muravlenko,63.7898,74.523,Clouds,overcast clouds,276.14,271.56,276.14,276.14,1004,89,8570,100,5.86,RU
Provideniya,64.3833,-173.3,Clear,clear sky,274.15,270.09,274.15,274.15,1018,60,10000,0,4.0,RU
Ixtapa,20.7,-105.2,Clouds,overcast clouds,297.87,298.43,297.59,298.15,1012,78,10000,90,0.71,MX
Kuching,1.55,110.3333,Clouds,few clouds,304.15,310.75,304.15,304.15,1010,70,10000,20,1.54,MY
Cherskiy,68.75,161.3,Clouds,overcast clouds,271.22,265.8,271.22,271.22,1022,89,3022,100,5.03,RU
Khuzdar,27.7384,66.6434,Clear,clear sky,302.52,300.81,302.52,302.52,1012,9,10000,9,5.06,PK
Mahébourg,-20.4081,57.7,Rain,moderate rain,299.15,299.15,299.15,299.15,1018,89,10000,75,6.17,MU
Fairbanks,64.8378,-147.7164,Clear,clear sky,282.81,282.81,280.37,285.15,1002,24,10000,1,0.59,US
College,64.8569,-147.8028,Clouds,few clouds,282.92,282.03,280.37,285.15,1002,25,10000,20,2.06,US
Iqaluit,63.7506,-68.5145,Snow,snow,271.04,268.92,270.93,271.15,1021,93,3219,90,1.54,CA
Yeppoon,-23.1333,150.7333,Clouds,broken clouds,297.15,297.17,297.15,297.15,1017,60,10000,75,4.63,AU
Arraial do Cabo,-22.9661,-42.0278,Clouds,overcast clouds,294.77,295.05,294.77,294.77,1017,79,10000,98,2.66,BR
Airai,-8.9266,125.4092,Clouds,broken clouds,297.93,297.59,297.93,297.93,1011,43,10000,61,1.13,TL
Severo-Kuril'sk,50.6789,156.125,Clouds,overcast clouds,276.31,274.05,276.31,276.31,1014,83,10000,93,2.31,RU
Anadyr,64.75,177.4833,Clear,clear sky,271.03,267.1,270.93,271.15,1021,80,10000,0,3.0,RU
Puerto Ayora,-0.7393,-90.3518,Clouds,scattered clouds,296.93,297.71,296.93,296.93,1014,90,10000,35,2.22,EC
Rikitea,-23.1203,-134.9692,Clouds,broken clouds,297.5,297.79,297.5,297.5,1013,69,10000,74,4.38,PF
Margate,51.3813,1.3862,Clouds,overcast clouds,279.49,277.18,279.26,279.82,990,74,10000,98,3.13,GB
Malatya Province,38.5,38.0,Clear,clear sky,293.15,292.3,293.15,293.15,1020,42,10000,0,1.03,TR
Hongjiang,27.11,109.9956,Clouds,broken clouds,300.39,300.8,300.39,300.39,1016,50,10000,62,1.03,CN
Port-Gentil,-0.7193,8.7815,Clouds,overcast clouds,300.38,303.52,300.38,300.38,1009,81,10000,100,3.01,GA
Tessalit,20.1986,1.0114,Clouds,overcast clouds,302.9,301.09,302.9,302.9,1007,11,10000,96,1.72,ML
Leningradskiy,69.3833,178.4167,Clouds,overcast clouds,270.74,270.74,270.74,270.74,1019,74,10000,100,0.49,RU
Shitanjing,39.2342,106.3439,Clouds,scattered clouds,288.81,287.06,288.81,288.81,1008,24,10000,43,10.77,CN
San Felipe,10.3399,-68.7425,Rain,light rain,294.66,295.43,294.66,294.66,1013,98,4730,100,1.26,VE
Hue,16.4667,107.6,Clouds,scattered clouds,304.15,309.58,304.15,304.15,1014,66,10000,40,3.6,VN
Lavrentiya,65.5833,-171.0,Clear,clear sky,268.9,265.02,268.9,268.9,1017,80,10000,7,2.56,RU
Port Elizabeth,-33.918,25.5701,Rain,light rain,289.15,288.95,289.15,289.15,1014,82,10000,0,10.29,ZA
Hamilton,39.1834,-84.5333,Clouds,overcast clouds,292.25,292.83,292.04,292.59,1013,100,10000,90,2.06,US
Coquimbo,-29.9533,-71.3436,Clouds,overcast clouds,286.15,285.96,286.15,286.15,1017,94,10000,90,2.06,CL
Mar del Plata,-38.0023,-57.5575,Clear,clear sky,287.66,287.62,286.15,289.82,1019,94,10000,0,3.6,AR
Busselton,-33.65,115.3333,Rain,heavy intensity rain,293.71,293.83,293.71,293.71,1009,77,8348,100,7.15,AU
Tuktoyaktuk,69.4541,-133.0374,Clouds,scattered clouds,270.15,263.53,270.15,270.15,1014,80,10000,40,6.69,CA
Dingle,10.9995,122.6711,Rain,light rain,305.81,308.76,305.81,305.81,1010,50,10000,53,3.65,PH
Punta Arenas,-53.15,-70.9167,Clouds,scattered clouds,276.04,271.52,275.93,276.15,1004,87,10000,40,5.66,CL
Uyutnoye,45.1994,33.3014,Clouds,overcast clouds,284.26,283.05,284.26,284.26,1014,62,10000,100,7.17,UA
Zacualtipán,20.65,-98.6,Clouds,overcast clouds,291.87,291.52,291.87,291.87,1012,66,10000,100,4.37,MX
Faanui,-16.4833,-151.75,Clouds,broken clouds,300.85,303.73,300.85,300.85,1014,74,10000,78,4.65,PF
Vetlanda,57.4289,15.0776,Clouds,broken clouds,273.47,269.18,273.15,273.71,1010,100,10000,75,4.12,SE
Port Alfred,-33.5906,26.891,Rain,light rain,292.55,292.79,292.55,292.55,1014,86,10000,100,7.72,ZA
Lagoa,39.05,-27.9833,Clouds,broken clouds,287.59,286.79,287.59,287.59,1022,65,10000,68,4.26,PT
Vaini,-21.2,-175.2,Drizzle,drizzle,299.15,299.15,299.15,299.15,1011,89,10000,75,3.09,TO
Port Blair,11.6667,92.75,Clouds,broken clouds,302.94,306.58,302.94,302.94,1012,65,10000,73,1.05,IN
Sisimiut,66.9395,-53.6735,Clouds,overcast clouds,275.18,272.16,275.18,275.18,1030,61,10000,100,2.91,GL
Lahat,-3.8,103.5333,Clouds,overcast clouds,305.93,309.86,305.93,305.93,1010,53,10000,90,1.4,ID
Lebu,-37.6167,-73.65,Clouds,broken clouds,285.27,284.89,285.27,285.27,1017,90,10000,77,1.4,CL
Kidal,18.4411,1.4078,Clouds,broken clouds,303.59,301.64,303.59,303.59,1006,11,10000,53,3.06,ML
Tashla,51.7716,52.7427,Clear,clear sky,281.37,279.31,281.37,281.37,1022,64,10000,1,3.35,RU
Sampit,-2.5333,112.95,Clouds,overcast clouds,304.54,308.84,304.54,304.54,1009,60,10000,88,1.43,ID
Lompoc,34.6391,-120.4579,Clear,clear sky,284.39,283.84,283.15,285.93,1022,87,10000,0,2.57,US
Atuona,-9.8,-139.0333,Clouds,scattered clouds,299.6,299.6,299.6,299.6,1013,73,10000,26,5.52,PF
Alexandria,31.2156,29.9553,Clear,clear sky,292.83,292.34,292.83,292.83,1017,57,10000,2,3.79,EG
Salamanca,40.8333,-6.0,Clouds,broken clouds,282.2,280.47,281.48,283.15,1006,93,10000,75,3.09,ES
Taltal,-25.4,-70.4833,Clear,clear sky,289.77,289.65,289.77,289.77,1017,83,10000,0,0.58,CL
Garbolovo,60.3413,30.4955,Clouds,overcast clouds,276.47,273.41,275.93,277.04,1010,75,10000,97,3.3,RU
Ponta do Sol,32.6667,-17.1,Clouds,broken clouds,285.01,284.34,282.04,287.59,1012,80,10000,68,0.89,PT
Kieta,-6.2167,155.6333,Rain,light rain,300.95,303.81,300.95,300.95,1008,73,10000,96,0.89,PG
Sakakah,29.9697,40.2064,Clear,clear sky,292.15,290.47,292.15,292.15,1021,14,10000,0,1.54,SA
New Norfolk,-42.7826,147.0587,Clouds,broken clouds,290.41,290.12,287.59,292.59,1019,74,10000,66,1.34,AU
George Town,5.4112,100.3354,Clouds,few clouds,305.03,313.21,304.82,305.15,1011,70,9000,20,2.57,MY
Kaitangata,-46.2817,169.8464,Rain,light rain,288.15,287.46,288.15,288.15,1015,67,10000,89,6.71,NZ
Trincomalee,8.5711,81.2335,Clouds,broken clouds,304.13,307.95,304.13,304.13,1011,60,10000,56,1.76,LK
San Quintín,30.4833,-115.95,Clear,clear sky,287.9,287.65,287.9,287.9,1019,85,10000,0,1.74,MX
Palmer,42.1584,-72.3287,Clouds,scattered clouds,284.56,284.24,283.71,285.93,1007,95,10000,50,0.78,US
Torbay,47.6666,-52.7314,Clouds,broken clouds,275.59,271.49,274.82,276.48,1009,93,10000,75,4.63,CA
Kahului,20.8947,-156.47,Clouds,broken clouds,295.52,295.85,293.71,298.15,1016,78,10000,75,3.6,US
Anloga,5.7947,0.8973,Clouds,few clouds,298.15,299.0,298.15,298.15,1009,88,10000,20,1.54,GH
Hambantota,6.1241,81.1185,Clouds,scattered clouds,303.15,311.99,303.15,303.15,1012,84,10000,40,4.12,LK
Maragogi,-9.0122,-35.2225,Clouds,scattered clouds,298.24,298.92,298.24,298.24,1012,81,10000,36,2.05,BR
Tuatapere,-46.1333,167.6833,Clouds,overcast clouds,285.93,285.72,285.93,285.93,1018,94,10000,97,6.71,NZ
Inverell,-29.7833,151.1167,Clouds,overcast clouds,294.03,293.27,291.48,295.93,1022,42,10000,88,2.2,AU
Show Low,34.2542,-110.0298,Clouds,broken clouds,277.51,275.79,275.93,279.15,1023,81,10000,75,1.98,US
Kirakira,-10.4544,161.9205,Clouds,scattered clouds,300.95,302.96,300.95,300.95,1008,66,10000,46,1.53,SB
Hermanus,-34.4187,19.2345,Rain,light rain,286.48,286.24,286.48,286.48,1020,91,10000,29,3.84,ZA
Safford,32.834,-109.7076,Clouds,few clouds,285.64,284.46,283.71,287.15,1018,58,10000,20,4.12,US
Am Timan,11.0297,20.2827,Clouds,broken clouds,301.04,301.56,301.04,301.04,1008,51,10000,80,2.92,TD
Qaanaaq,77.484,-69.3632,Clouds,overcast clouds,265.9,260.56,265.9,265.9,1038,84,10000,98,3.36,GL
Kushima,31.4583,131.2333,Rain,moderate rain,289.65,289.81,289.15,290.15,1007,94,10000,90,2.57,JP
Kumluca,36.3703,30.2869,Clouds,overcast clouds,296.76,296.4,296.76,296.76,1017,47,10000,91,1.27,TR
Kautokeino,69.0125,23.0412,Clouds,overcast clouds,265.94,263.08,265.94,265.94,1011,85,10000,100,1.55,NO
Fereydūnkenār,36.6864,52.5225,Mist,mist,290.15,290.52,290.15,290.15,1018,100,5000,90,3.09,IR
Sitka,57.0531,-135.33,Rain,moderate rain,282.15,280.41,282.15,282.15,1005,81,10000,90,3.09,US
Saint George,37.1041,-113.5841,Clear,clear sky,294.15,292.85,294.15,294.15,1020,21,10000,1,4.12,US
Ahipara,-35.1667,173.1667,Clouds,scattered clouds,289.48,288.89,289.48,289.48,1023,66,10000,26,4.22,NZ
Ostrovnoy,68.0531,39.5131,Clouds,overcast clouds,267.44,262.26,267.44,267.44,1008,80,10000,85,3.53,RU
Baykit,61.67,96.37,Clouds,overcast clouds,278.03,275.48,278.03,278.03,1015,72,10000,100,3.05,RU
Katsuura,35.1333,140.3,Clouds,broken clouds,291.22,291.38,289.82,292.15,1008,88,10000,75,8.23,JP
Chicama,-7.8447,-79.1469,Clouds,broken clouds,292.66,292.94,292.66,292.66,1014,87,10000,68,2.12,PE
Mayo,38.8876,-76.5119,Clear,clear sky,294.76,294.54,292.59,297.15,1010,60,10000,1,1.54,US
Caravelas,-17.7125,-39.2481,Rain,light rain,296.21,296.82,296.21,296.21,1015,86,10000,84,1.48,BR
Hithadhoo,-0.6,73.0833,Clouds,scattered clouds,302.19,305.96,302.19,302.19,1012,70,10000,48,4.14,MV
Kedrovyy,56.1667,91.8167,Drizzle,light intensity drizzle,278.15,274.05,278.15,278.15,1016,100,6000,90,6.0,RU
Chumikan,54.7183,135.315,Snow,light snow,273.2,266.54,273.2,273.2,1017,80,5641,100,8.93,RU
Wewak,-3.5534,143.6268,Clouds,overcast clouds,302.96,307.28,302.96,302.96,1007,68,10000,97,4.19,PG
Barcelos,41.5388,-8.6151,Clouds,few clouds,282.07,282.07,281.48,282.59,1008,87,10000,20,1.03,PT
Guerrero Negro,27.9769,-114.0611,Clear,clear sky,288.25,287.98,288.25,288.25,1018,83,10000,0,5.4,MX
Makakilo City,21.3469,-158.0858,Rain,light rain,296.16,296.32,293.71,298.15,1016,69,10000,90,3.09,US
Letterkenny,54.95,-7.7333,Clouds,overcast clouds,278.24,277.14,278.24,278.24,1014,87,10000,100,1.55,IE
Port Augusta,-32.5,137.7667,Clear,clear sky,297.62,296.93,296.15,298.15,1022,31,10000,0,3.6,AU
Chiang Klang,19.2938,100.8617,Clouds,scattered clouds,301.15,304.36,301.15,301.15,1014,74,10000,40,1.54,TH
Roebourne,-20.7833,117.1333,Clear,clear sky,306.51,304.53,306.51,306.51,1013,21,10000,0,4.53,AU
Aras,42.5617,-2.356,Clouds,overcast clouds,282.1,280.68,282.04,282.15,1008,93,10000,90,2.57,ES
Blankenberge,51.3131,3.1323,Rain,moderate rain,279.58,277.29,279.26,279.82,1004,69,6006,100,3.13,BE
Yellowknife,62.456,-114.3525,Clouds,broken clouds,267.15,260.63,267.15,267.15,1020,63,10000,75,5.14,CA
Kruisfontein,-34.0033,24.7314,Clouds,overcast clouds,289.82,289.53,289.82,289.82,1016,76,10000,100,1.79,ZA
Bengkulu,-3.8004,102.2655,Clouds,overcast clouds,302.21,305.64,302.21,302.21,1011,68,10000,89,2.8,ID
Verkh-Usugli,52.7,115.1667,Clouds,overcast clouds,275.25,270.6,275.25,275.25,1006,52,10000,99,5.5,RU
Uberlândia,-18.9186,-48.2772,Clear,clear sky,292.15,291.2,292.15,292.15,1019,42,10000,0,4.12,BR
Flinders,-34.5833,150.8552,Clouds,broken clouds,294.82,294.87,294.82,294.82,1022,70,10000,61,3.58,AU
Tynda,55.1667,124.7167,Snow,light snow,275.35,272.09,275.35,275.35,1008,99,31,100,3.26,RU
Bestöbe,52.4994,73.0975,Clouds,overcast clouds,287.87,286.89,287.87,287.87,1011,57,10000,100,3.96,KZ
Matamoros,25.5333,-103.25,Clouds,overcast clouds,298.68,297.92,298.68,298.68,1008,24,10000,100,6.51,MX
Samarai,-10.6167,150.6667,Clouds,overcast clouds,300.14,302.24,300.14,300.14,1009,73,10000,100,5.02,PG
Paamiut,61.994,-49.6678,Clouds,overcast clouds,275.53,275.53,275.53,275.53,1029,79,10000,100,1.05,GL
Mogadishu,2.0371,45.3438,Clouds,scattered clouds,302.15,304.99,302.15,302.15,1009,65,10000,40,2.06,SO
Mukhen,48.1,136.1,Clouds,broken clouds,287.98,286.04,287.98,287.98,1008,20,10000,76,4.15,RU
Penzance,50.1186,-5.5371,Clouds,few clouds,277.15,274.05,277.15,277.15,1010,93,10000,20,3.57,GB
Dawlatabad,36.4141,64.9053,Clear,clear sky,304.92,302.72,304.92,304.92,1010,11,10000,0,1.08,AF
Castro,-24.7911,-50.0119,Clouds,few clouds,284.06,283.69,284.06,284.06,1020,95,10000,24,2.99,BR
Ribeira Grande,38.5167,-28.7,Clouds,scattered clouds,287.94,287.33,287.94,287.94,1022,71,10000,41,5.65,PT
Bethel,41.3712,-73.414,Clouds,overcast clouds,287.8,287.75,287.04,288.15,1007,93,10000,100,2.48,US
Husavik,66.0449,-17.3389,Clear,clear sky,269.15,266.76,269.15,269.15,1027,93,10000,0,1.54,IS
Pangody,65.85,74.4859,Clouds,overcast clouds,272.15,269.01,272.15,272.15,1007,88,10000,100,2.44,RU
Quang Ngai,15.1167,108.8,Clouds,overcast clouds,305.22,307.4,305.22,305.22,1012,49,10000,99,4.71,VN
Haines Junction,60.7522,-137.5108,Clouds,overcast clouds,278.15,277.05,278.15,278.15,1010,45,10000,91,1.54,CA
Kattivākkam,13.2167,80.3167,Clouds,few clouds,306.62,311.04,306.15,307.04,1010,52,6000,20,3.6,IN
Slave Lake,55.2834,-114.769,Clouds,few clouds,269.15,269.15,269.15,269.15,1019,93,10000,20,1.03,CA
Saint-Pierre,-21.3393,55.4781,Clear,clear sky,299.71,299.71,299.26,300.15,1017,74,10000,0,8.75,RE
Mossamedes,-15.1961,12.1522,Clouds,scattered clouds,296.12,296.35,296.12,296.12,1010,72,10000,38,4.07,AO
Petukhovo,55.0692,67.9019,Clouds,scattered clouds,285.33,283.7,285.33,285.33,1010,42,10000,47,6.04,RU
Nanortalik,60.1432,-45.2371,Clouds,broken clouds,274.7,272.61,274.7,274.7,1030,94,10000,52,1.91,GL
Thompson,55.7435,-97.8558,Clouds,few clouds,267.15,263.35,267.15,267.15,1015,58,10000,20,2.25,CA
Mastic Beach,40.7668,-72.8521,Clouds,few clouds,286.1,285.75,284.82,287.04,1009,88,10000,20,2.06,US
Adrar,20.5022,-10.0711,Clear,clear sky,299.25,299.25,299.25,299.25,1008,20,10000,4,5.02,MR
Saint-Philippe,-21.3585,55.7679,Rain,light rain,299.55,299.55,299.15,300.15,1017,74,10000,0,8.75,RE
Pangkalanbuun,-2.6833,111.6167,Clouds,broken clouds,307.45,311.19,307.45,307.45,1009,47,10000,72,0.71,ID
Norfolk,42.1668,-71.2495,Clear,clear sky,283.48,282.84,282.59,284.26,1009,87,10000,1,0.64,US
Rosarito,32.3333,-117.0333,Clear,clear sky,290.49,290.06,290.15,291.15,1020,68,10000,1,2.54,MX
Hammerfest,70.6634,23.6821,Snow,snow,270.15,265.09,270.15,270.15,1006,93,3000,75,4.12,NO
Mahbūbābād,17.6167,80.0167,Clouds,broken clouds,308.98,309.82,308.98,308.98,1011,33,10000,70,3.65,IN
Krasnyy Yar,46.5331,48.3456,Clear,clear sky,284.98,283.73,284.82,285.15,1022,58,10000,0,7.0,RU
Nowy Dwór Gdański,54.2131,19.1177,Clear,clear sky,278.15,275.59,276.48,279.82,1008,65,10000,0,3.09,PL
Elko,41.0002,-115.5012,Clear,clear sky,285.21,283.2,283.15,287.15,1026,28,10000,1,2.06,US
Saskylakh,71.9167,114.0833,Clouds,overcast clouds,274.12,269.73,274.12,274.12,1013,87,10000,94,4.52,RU
Dongsheng,39.8161,109.9776,Clear,clear sky,284.02,281.61,284.02,284.02,1008,17,10000,7,12.48,CN
Eureka,40.8021,-124.1637,Clouds,broken clouds,283.53,282.82,283.15,283.71,1025,84,10000,75,2.28,US
Klaksvík,62.2266,-6.589,Clouds,few clouds,276.15,272.48,276.15,276.15,1023,70,10000,20,4.12,FO
Dalhousie,32.5333,75.9833,Clouds,scattered clouds,297.78,296.79,297.78,297.78,1012,19,10000,44,1.93,IN
Poso,-1.3959,120.7524,Clouds,broken clouds,303.38,307.3,303.38,303.38,1010,64,10000,59,2.75,ID
Lupiro,-8.3833,36.6667,Clouds,scattered clouds,295.03,295.78,295.03,295.03,1015,96,10000,39,0.31,TZ
Itarema,-2.9248,-39.9167,Clouds,overcast clouds,297.77,298.59,297.77,297.77,1010,88,10000,100,3.07,BR
Pisco,-13.7,-76.2167,Clouds,few clouds,290.25,290.31,290.15,290.37,1015,88,5000,23,0.53,PE
Muli,2.9167,73.5667,Clouds,overcast clouds,301.83,304.23,301.83,301.83,1013,64,10000,95,2.59,MV
Port Macquarie,-31.4333,152.9167,Clouds,few clouds,295.36,295.33,294.82,295.93,1020,65,10000,16,0.89,AU
Tasiilaq,65.6145,-37.6368,Fog,fog,272.15,270.19,272.15,272.15,1027,100,450,90,1.54,GL
Kokoda,-8.8785,147.7407,Rain,light rain,298.33,299.31,298.33,298.33,1011,92,10000,100,0.42,PG
Brae,60.3964,-1.353,Clouds,broken clouds,276.15,271.43,276.15,276.15,1015,87,10000,75,6.17,GB
Riohacha,11.5444,-72.9072,Clouds,overcast clouds,298.28,298.99,298.28,298.28,1012,82,10000,97,3.04,CO
Atambua,-9.1061,124.8925,Clouds,few clouds,301.28,302.46,301.28,301.28,1010,57,10000,17,1.61,ID
Shingū,33.7333,135.9833,Rain,moderate rain,290.15,290.36,290.15,290.15,1006,94,3000,75,6.69,JP
Mount Gambier,-37.8333,140.7667,Clouds,broken clouds,294.15,293.98,294.15,294.15,1022,64,10000,75,3.09,AU
Murfreesboro,35.8456,-86.3903,Clouds,broken clouds,291.55,292.06,290.93,292.15,1014,100,10000,75,3.17,US
Zhangjiakou,40.81,114.8794,Clouds,broken clouds,284.98,282.61,284.98,284.98,1003,15,10000,58,11.42,CN
Labuhan,-6.8844,112.2051,Clouds,scattered clouds,303.5,307.33,303.5,303.5,1010,63,10000,49,1.94,ID
Maniitsoq,65.4167,-52.9,Clouds,overcast clouds,274.75,274.75,274.75,274.75,1030,81,10000,100,0.65,GL
Nurota,40.5614,65.6886,Clear,clear sky,301.15,300.08,301.15,301.15,1011,26,10000,5,4.12,UZ
Bubaque,11.2833,-15.8333,Clouds,broken clouds,298.34,298.72,298.34,298.34,1008,69,10000,66,7.37,GW
Calama,-22.4667,-68.9333,Clear,clear sky,279.15,275.45,279.15,279.15,1029,28,10000,0,5.66,CL
Winchester,51.0651,-1.3187,Clouds,overcast clouds,275.81,272.06,275.37,276.15,1009,87,10000,90,4.12,GB
Mahajanga,-15.7167,46.3167,Clouds,few clouds,298.15,298.74,298.15,298.15,1012,78,10000,20,2.57,MG
Yerbogachën,61.2767,108.0108,Clouds,few clouds,276.29,273.22,276.29,276.29,1020,48,10000,24,3.26,RU
Tiksi,71.6872,128.8694,Clouds,few clouds,272.86,269.31,272.86,272.86,1020,84,10000,16,2.99,RU
Port Lincoln,-34.7333,135.8667,Clear,clear sky,295.09,294.44,295.09,295.09,1021,42,10000,7,2.68,AU
Pacific Grove,36.6177,-121.9166,Clear,clear sky,285.78,285.4,284.82,288.15,1022,88,10000,3,0.75,US
Orzhytsya,49.7918,32.7012,Clouds,few clouds,280.87,278.37,280.87,280.87,1021,62,10000,11,3.96,UA
Santa Rosa,14.3122,121.1114,Clouds,scattered clouds,305.73,310.03,305.37,306.15,1011,55,10000,40,3.09,PH
Kozhva,65.1073,57.0459,Clouds,overcast clouds,273.74,270.21,273.74,273.74,1006,69,10000,100,3.17,RU
Alofi,-19.0595,-169.9187,Rain,light rain,301.15,306.72,301.15,301.15,1011,89,10000,82,2.06,NU
George Town,5.4112,100.3354,Clouds,few clouds,305.03,313.21,304.82,305.15,1011,70,9000,20,2.57,MY
Severodvinsk,64.5635,39.8302,Clouds,scattered clouds,274.15,271.86,274.15,274.15,1009,64,10000,40,2.0,RU
Hervey Bay,-25.2986,152.8535,Clouds,broken clouds,297.04,297.23,297.04,297.04,1016,67,10000,79,2.24,AU
Wamba,8.9333,8.6,Clouds,overcast clouds,297.5,298.03,297.5,297.5,1009,78,10000,97,1.51,NG
Nuuk,64.1835,-51.7216,Snow,light snow,272.09,268.8,272.04,272.15,1029,93,100,90,2.57,GL
Mount Isa,-20.7333,139.5,Clear,clear sky,304.15,302.16,304.15,304.15,1014,18,10000,1,2.57,AU
Bara,10.3744,10.7288,Clouds,overcast clouds,298.26,298.39,298.26,298.26,1008,60,10000,99,2.37,NG
Avera,33.194,-82.5271,Clear,clear sky,291.59,291.42,291.15,292.15,1018,74,10000,1,2.57,US
Gweta,-20.1833,25.2333,Clouds,broken clouds,292.81,292.5,292.81,292.81,1015,64,10000,63,3.82,BW
Saint Anthony,45.0205,-93.218,Clear,clear sky,281.69,281.69,280.15,283.15,1013,71,10000,1,0.78,US
Beringovskiy,63.05,179.3167,Clear,clear sky,271.96,271.96,271.96,271.96,1022,75,10000,0,0.66,RU
Hong Kong,22.2855,114.1577,Clouds,scattered clouds,297.81,298.03,293.71,299.82,1014,65,10000,40,0.45,HK
Warman,52.3168,-106.5679,Clouds,scattered clouds,278.34,274.9,278.15,278.71,1016,45,10000,40,4.63,CA
Zhicheng,30.2956,111.5047,Clouds,few clouds,303.71,303.26,303.71,303.71,1001,38,10000,17,4.28,CN
Tucuruí,-3.7661,-49.6725,Clouds,broken clouds,296.11,296.94,296.11,296.11,1011,95,10000,82,1.21,BR
Carnarvon,-24.8667,113.6333,Clear,clear sky,300.15,301.6,300.15,300.15,1015,65,10000,1,4.63,AU
Tenosique,17.4833,-91.4333,Clouds,scattered clouds,301.53,302.58,301.53,301.53,1009,55,10000,30,6.23,MX
Härnösand,62.6323,17.9379,Clouds,overcast clouds,271.75,268.99,270.15,273.71,1014,93,10000,94,2.06,SE
Beira,-19.8436,34.8389,Fog,fog,296.04,296.84,295.93,296.15,1015,94,400,90,1.08,MZ
Péplos,40.9583,26.2656,Clear,clear sky,283.15,282.76,283.15,283.15,1012,87,10000,0,1.54,GR
Vila,42.0304,-8.1588,Clouds,scattered clouds,280.37,280.37,280.37,280.37,1009,89,10000,47,0.89,PT
Kisangani,0.5167,25.2,Clouds,overcast clouds,295.21,296.06,295.21,295.21,1011,99,10000,100,0.77,CD
Cabedelo,-6.9811,-34.8339,Clouds,broken clouds,297.15,298.06,297.15,297.15,1012,94,10000,75,1.03,BR
Superior,46.7208,-92.1041,Clear,clear sky,277.96,276.83,276.48,279.15,1014,81,10000,1,1.54,US
Serebryanyy Bor,56.8,124.8,Snow,light snow,272.74,269.86,272.74,272.74,1012,96,874,100,2.3,RU
Saint-Joseph,-21.3667,55.6167,Rain,light rain,299.69,299.69,299.26,300.15,1017,74,10000,0,8.75,RE
Ust-Kuyga,70.0167,135.6,Clouds,scattered clouds,271.23,267.6,271.23,271.23,1023,85,10000,44,2.74,RU
Ayagoz,47.9714,80.4392,Clouds,few clouds,298.25,297.36,298.25,298.25,1012,21,10000,16,5.51,KZ
Viranşehir,37.2353,39.7631,Clear,clear sky,298.26,297.61,298.26,298.26,1014,30,10000,1,3.21,TR
Naze,28.3667,129.4833,Rain,moderate rain,292.15,292.56,292.15,292.15,1009,94,5000,75,6.17,JP
Talnakh,69.4865,88.3972,Snow,light snow,273.98,270.83,273.98,273.98,1007,99,37,100,2.79,RU
Ilulissat,69.2167,-51.1,Clouds,few clouds,271.15,269.05,271.15,271.15,1031,93,10000,20,1.54,GL
Lockhart,28.6194,-81.4426,Clear,clear sky,294.04,294.35,292.59,295.37,1019,83,10000,1,3.09,US
Uppsala County,60.0,17.75,Clouds,few clouds,273.84,273.84,272.15,274.82,1014,86,10000,20,0.7,SE
Caraz,-9.0486,-77.81,Clouds,overcast clouds,288.65,288.45,288.65,288.65,1020,84,10000,96,0.62,PE
Zhigansk,66.7697,123.3711,Clouds,broken clouds,273.3,271.27,273.3,273.3,1022,98,3687,52,1.7,RU
Usinsk,65.9939,57.5281,Clouds,overcast clouds,272.23,267.6,272.23,272.23,1006,69,10000,95,4.2,RU
Cedar City,37.6775,-113.0619,Clear,clear sky,282.34,279.88,282.15,282.59,1025,40,10000,1,4.63,US
Solaro,44.8799,9.1732,Clouds,overcast clouds,284.65,284.39,283.15,285.93,1009,97,10000,98,0.75,IT
Belle Fourche,44.6714,-103.8522,Clear,clear sky,282.12,280.46,280.15,283.71,1020,53,10000,1,2.94,US
Los Llanos de Aridane,28.6585,-17.9182,Clear,clear sky,291.15,290.65,291.15,291.15,1012,63,10000,0,1.54,ES
Yar-Sale,66.8333,70.8333,Clouds,overcast clouds,266.52,261.5,266.52,266.52,1008,90,10000,87,3.17,RU
Gizo Government Station,-8.103,156.8419,Rain,light rain,301.6,304.56,301.6,301.6,1008,69,10000,90,2.66,SB
Dhidhdhoo,6.8833,73.1,Clouds,few clouds,302.17,306.11,302.17,302.17,1012,71,10000,13,2.14,MV
Rawson,-43.3002,-65.1023,Clouds,broken clouds,290.68,290.06,290.68,290.68,1012,60,10000,54,3.18,AR
Teguise,29.0605,-13.564,Clear,clear sky,290.15,290.05,290.15,290.15,1013,82,10000,0,3.6,ES
Vila Franca do Campo,37.7167,-25.4333,Clouds,broken clouds,287.15,286.36,287.15,287.15,1020,67,10000,75,1.54,PT
Takoradze,4.8845,-1.7554,Clouds,overcast clouds,299.71,299.71,299.71,299.71,1009,85,10000,100,2.61,GH
Kalmunai,7.4167,81.8167,Clouds,overcast clouds,303.49,307.31,303.49,303.49,1012,63,10000,86,2.07,LK
Longyearbyen,78.2186,15.6401,Clouds,broken clouds,266.15,257.62,266.15,266.15,1010,63,10000,75,8.23,SJ
Kalmar,56.6616,16.3616,Clouds,broken clouds,275.54,273.41,275.15,275.93,1010,100,6000,78,2.06,SE
Victoria Point,-27.5833,153.3,Clouds,overcast clouds,294.92,295.29,294.26,295.93,1019,82,10000,100,2.68,AU
Nam Som,17.7704,102.1895,Clouds,overcast clouds,299.36,299.36,298.15,300.37,1014,89,8000,90,1.03,TH
Nabire,-3.3667,135.4833,Clouds,few clouds,304.14,307.97,304.14,304.14,1008,60,10000,22,3.0,ID
Harper,4.375,-7.7169,Clouds,overcast clouds,299.48,299.48,299.48,299.48,1010,84,10000,88,2.41,LR
Voyvozh,62.892,54.9635,Clouds,overcast clouds,275.22,272.12,275.22,275.22,1006,71,10000,100,3.02,RU
Constitución,-35.3333,-72.4167,Clear,clear sky,287.32,286.52,287.32,287.32,1015,66,10000,0,2.35,CL
Praxédis Guerrero,31.3667,-106.0167,Clear,clear sky,287.12,285.38,286.48,288.15,1018,31,10000,1,3.6,MX
Mackay,-21.15,149.2,Clear,clear sky,296.83,297.06,294.82,298.15,1016,69,10000,7,7.72,AU
Richards Bay,-28.783,32.0377,Clear,clear sky,292.52,292.91,292.52,292.52,1014,92,10000,6,3.8,ZA
Barbastro,42.0356,0.1269,Fog,fog,284.83,284.66,284.15,286.15,1007,100,6000,90,0.77,ES
Aksay,47.26,39.87,Clouds,few clouds,281.76,278.63,281.48,282.15,1021,81,10000,20,6.0,RU
Yenagoa,4.9247,6.2642,Clouds,overcast clouds,297.56,298.25,297.56,297.56,1009,84,10000,100,0.41,NG
Umm Kaddadah,13.6017,26.6876,Clouds,broken clouds,300.83,299.54,300.83,300.83,1009,13,10000,75,6.92,SD
Mandurah,-32.55,115.7,Clouds,overcast clouds,297.59,298.1,297.59,297.59,1012,77,10000,99,7.02,AU
Meulaboh,4.1363,96.1285,Clouds,overcast clouds,302.71,306.71,302.71,302.71,1011,68,10000,90,2.36,ID
Luanda,-8.8368,13.2343,Clouds,broken clouds,299.15,299.15,299.15,299.15,1007,89,9000,75,1.03,AO
Adré,13.4667,22.2,Clouds,broken clouds,298.73,297.63,298.73,298.73,1010,11,10000,73,4.88,TD
Cururupu,-1.8283,-44.8683,Clouds,overcast clouds,296.24,297.03,296.24,296.24,1010,93,10000,100,0.73,BR
Mandera,3.9366,41.867,Clouds,scattered clouds,301.6,303.55,301.6,301.6,1012,62,10000,46,4.13,KE
Kez,57.8979,53.7152,Clouds,overcast clouds,277.83,274.24,277.83,277.83,1012,77,10000,97,4.7,RU
São João da Barra,-21.6403,-41.0511,Clouds,overcast clouds,295.56,295.87,295.56,295.56,1017,77,10000,93,3.01,BR
Tura,25.5198,90.2201,Clouds,scattered clouds,309.83,308.15,309.83,309.83,1011,20,10000,43,2.56,IN
Paraíso,9.8383,-83.8656,Fog,fog,292.26,292.84,291.48,293.15,1018,100,8000,40,1.54,CR
Jardim,-21.4803,-56.1381,Clear,clear sky,287.49,286.36,287.49,287.49,1018,53,10000,10,1.85,BR
Angoche,-16.2325,39.9086,Rain,light rain,299.17,299.17,299.17,299.17,1014,85,10000,31,1.71,MZ
Zaozyornoye,45.1582,33.2787,Clouds,overcast clouds,284.26,283.05,284.26,284.26,1014,62,10000,100,7.48,UA
Birin,26.8865,88.0718,Clear,clear sky,300.78,299.62,300.78,300.78,1013,19,10000,1,3.45,NP
Alberton,46.8168,-64.0654,Clouds,scattered clouds,276.15,273.62,276.15,276.15,1010,93,10000,45,2.57,CA
Ajdabiya,30.7554,20.2263,Clear,clear sky,298.11,296.95,298.11,298.11,1014,11,10000,4,4.76,LY
Pedernales,18.0384,-71.744,Clouds,few clouds,298.07,298.47,298.07,298.07,1015,71,10000,17,0.99,DO
Joshīmath,30.5667,79.5667,Clouds,few clouds,295.32,294.64,295.32,295.32,1021,40,10000,16,2.54,IN
Yandyki,45.7691,47.1258,Clouds,overcast clouds,286.08,285.13,286.08,286.08,1022,65,10000,94,5.3,RU
Uvalde,29.3669,-99.767,Clouds,scattered clouds,295.05,295.91,294.26,295.93,1006,100,10000,40,2.06,US
Careiro da Várzea,-3.2003,-59.8119,Rain,light rain,297.67,298.63,297.15,298.15,1012,94,10000,75,1.03,BR
Aksu,41.1231,80.2644,Clear,clear sky,299.15,299.15,299.15,299.15,1013,9,10000,0,0.61,CN
Fort Payne,34.4442,-85.7197,Clear,clear sky,293.48,293.58,292.59,295.15,1016,77,10000,1,1.88,US
Moundou,8.5667,16.0833,Clouds,overcast clouds,298.16,298.54,298.16,298.16,1009,70,10000,97,1.13,TD
Kudat,6.8837,116.8477,Clouds,scattered clouds,303.15,310.54,303.15,303.15,1011,79,10000,40,2.57,MY
Aklavik,68.2191,-135.0107,Clouds,few clouds,275.62,272.17,275.15,276.15,1014,55,10000,23,3.6,CA
Hasaki,35.7333,140.8333,Rain,moderate rain,289.77,290.1,289.15,290.37,1009,100,1500,75,3.6,JP
Hualmay,-11.0964,-77.6139,Clear,clear sky,292.0,292.24,292.0,292.0,1014,88,10000,10,3.85,PE
Arrah,25.5667,84.6667,Haze,haze,303.15,303.89,303.15,303.15,1009,48,4000,3,5.14,IN
Vila Velha,-20.3297,-40.2925,Clouds,broken clouds,296.15,296.67,296.15,296.15,1016,83,10000,75,2.06,BR
Santa María del Oro,25.9333,-105.3667,Clear,clear sky,286.67,285.51,286.67,286.67,1013,55,10000,1,2.37,MX
Quatre Cocos,-20.2078,57.7625,Rain,moderate rain,298.62,299.55,298.15,299.15,1018,89,10000,75,6.17,MU
Charters Towers,-20.1,146.2667,Clear,clear sky,300.18,299.94,300.18,300.18,1014,38,10000,7,4.58,AU
Somerset East,-32.7217,25.588,Rain,light rain,286.74,286.58,286.74,286.74,1016,93,10000,100,2.64,ZA
Alyangula,-13.8483,136.4192,Clouds,broken clouds,305.15,310.84,305.15,305.15,1011,62,10000,75,5.66,AU
Khatanga,71.9667,102.5,Clouds,overcast clouds,274.34,270.51,274.34,274.34,1007,98,10000,100,3.73,RU
Ponferrada,42.5466,-6.5962,Clouds,scattered clouds,277.13,274.69,274.26,279.26,1011,99,10000,33,2.68,ES
Smithers,54.7804,-127.1743,Rain,light rain,281.15,280.47,281.15,281.15,1015,93,10000,90,1.54,CA
Gangtok,27.3333,88.6167,Clouds,scattered clouds,296.3,295.58,296.3,296.3,1017,35,10000,32,2.53,IN
Fukuechō,32.6881,128.8419,Clouds,broken clouds,293.15,293.11,293.15,293.15,1008,73,10000,75,3.6,JP
Ferme-Neuve,46.7001,-75.4493,Clouds,overcast clouds,280.15,279.33,280.15,280.15,1012,93,10000,98,1.54,CA
Batticaloa,7.7102,81.6924,Clouds,overcast clouds,303.0,306.93,303.0,303.0,1012,66,10000,93,2.93,LK
Praia da Vitória,38.7333,-27.0667,Clouds,broken clouds,286.86,286.74,286.48,287.15,1021,94,10000,75,3.76,PT
Exu,-7.5119,-39.7242,Clouds,scattered clouds,298.15,298.74,298.15,298.15,1015,78,10000,40,1.12,BR
Great Bend,38.3645,-98.7648,Clouds,scattered clouds,285.09,284.61,283.71,285.93,1016,87,10000,40,3.09,US
Garoowe,8.4054,48.4845,Clouds,broken clouds,299.37,299.37,299.37,299.37,1013,69,10000,68,3.29,SO
Belyy Yar,53.6039,91.3903,Clear,clear sky,286.15,284.58,286.15,286.15,1018,41,10000,0,3.0,RU
Léo,11.1,-2.1,Clouds,broken clouds,300.08,301.5,300.08,300.08,1008,65,10000,80,3.46,BF
Yangi Marg`ilon,40.4272,71.7189,Clear,clear sky,302.15,300.53,302.15,302.15,1013,16,10000,0,1.03,UZ
Yazoo City,32.8551,-90.4056,Clear,clear sky,296.05,296.3,295.93,296.15,1015,73,10000,1,4.63,US
Baracoa,20.3467,-74.4958,Clouds,scattered clouds,297.46,298.17,297.46,297.46,1016,85,10000,43,4.63,CU
Calabozo,8.9242,-67.4293,Clouds,overcast clouds,297.31,298.05,297.31,297.31,1011,87,10000,100,2.07,VE
Bafoulabé,13.8065,-10.8321,Clouds,broken clouds,306.81,304.68,306.81,306.81,1005,19,10000,58,4.05,ML
Drayton Valley,53.2168,-114.9854,Clouds,overcast clouds,278.15,276.32,278.15,278.15,997,67,10000,100,2.2,CA
Cabo San Lucas,22.8909,-109.9124,Clouds,few clouds,293.34,293.22,293.15,293.71,1014,69,10000,18,2.24,MX
Maun,-19.9833,23.4167,Clear,clear sky,288.15,288.32,288.15,288.15,1017,100,10000,0,1.92,BW
Moose Jaw,50.4001,-105.5344,Clouds,broken clouds,278.15,275.99,278.15,278.15,1019,52,10000,57,2.57,CA
Matara,5.9485,80.5353,Clouds,broken clouds,303.66,307.68,303.66,303.66,1012,63,10000,81,3.8,LK
Esperance,-33.8667,121.9,Clouds,overcast clouds,303.15,301.28,303.15,303.15,1012,13,10000,98,10.29,AU
Ol'ga,43.7444,135.2892,Clouds,few clouds,286.91,285.07,286.91,286.91,1011,28,10000,11,3.64,RU
Jiayuguan City,39.8167,98.3,Clear,clear sky,297.09,295.67,297.09,297.09,1010,5,10000,6,12.74,CN
Vao,-22.6667,167.4833,Clouds,broken clouds,296.5,296.46,296.5,296.5,1016,60,10000,71,7.75,NC
Rawlins,41.7911,-107.2387,Clear,clear sky,277.87,274.6,277.15,278.71,1023,48,10000,1,4.12,US
Maridi,4.9158,29.4742,Rain,moderate rain,293.81,294.41,293.81,293.81,1011,95,6215,100,0.61,SS
Acajutla,13.5928,-89.8275,Clouds,overcast clouds,300.28,302.23,300.28,300.28,1013,70,10000,100,1.22,SV
Oytal,42.9057,73.2697,Clear,clear sky,300.17,299.47,300.17,300.17,1012,27,10000,0,1.86,KZ
Moyale,3.5167,39.0584,Clouds,scattered clouds,295.4,295.59,295.4,295.4,1013,73,10000,36,3.71,KE
Boden,65.8252,21.6886,Clear,clear sky,271.15,268.29,271.15,271.15,1012,80,10000,0,2.06,SE
Talaya,61.3833,152.75,Clouds,broken clouds,273.21,271.64,273.21,273.21,1022,89,10000,52,1.39,RU
San Jose,37.3394,-121.895,Clouds,few clouds,289.72,288.32,288.71,292.15,1022,34,10000,20,4.63,US
Seoul,37.5683,126.9778,Clear,clear sky,290.51,289.24,289.15,291.15,1005,36,10000,0,4.12,KR
Otradnoye,59.7775,30.8181,Clear,clear sky,277.08,275.27,276.48,277.59,1015,60,10000,0,2.0,RU
Sioux Lookout,50.1001,-91.917,Clouds,broken clouds,281.15,280.47,281.15,281.15,1009,53,10000,75,1.54,CA
Cidreira,-30.1811,-50.2056,Clouds,few clouds,289.96,289.92,289.96,289.96,1022,85,10000,14,2.68,BR
Uyovu,-3.2833,31.5258,Clouds,overcast clouds,291.34,291.62,291.34,291.34,1014,92,10000,99,0.41,TZ
Posse,-14.0931,-46.3694,Clouds,broken clouds,293.68,293.96,293.68,293.68,1013,83,10000,67,1.05,BR
São Filipe,14.8961,-24.4956,Clouds,broken clouds,295.53,295.86,295.53,295.53,1012,78,10000,60,3.78,CV
Forsytheganj,52.6333,29.7333,Clouds,scattered clouds,278.75,276.01,278.75,278.75,1019,66,10000,35,3.55,BY
Yuncheng,35.0231,110.9928,Clouds,scattered clouds,300.32,299.29,300.32,300.32,1006,18,10000,43,8.93,CN
Sittwe,20.15,92.9,Clear,clear sky,303.64,308.12,303.64,303.64,1011,65,10000,6,3.81,MM
Dawei,14.0833,98.2,Clouds,overcast clouds,304.1,308.92,304.1,304.1,1011,64,10000,86,1.56,MM
Hecun,36.5333,114.1111,Clouds,few clouds,297.44,296.26,297.44,297.44,1002,13,10000,15,10.18,CN
Āmli,20.2833,73.0167,Clouds,scattered clouds,309.64,309.32,309.64,309.64,1011,27,10000,47,1.11,IN
Puri,19.8,85.85,Haze,haze,306.15,311.96,306.15,306.15,1011,58,5000,40,4.12,IN
Semikarakorsk,47.5194,40.8112,Clouds,few clouds,282.15,279.12,282.15,282.15,1021,81,10000,20,6.0,RU
San Patricio,28.017,-97.5169,Clouds,overcast clouds,298.16,299.01,297.59,298.71,1007,88,10000,90,8.75,US
Skjervøy,70.0311,20.9714,Snow,light snow,272.15,266.34,272.15,272.15,1009,80,6000,90,6.17,NO
Nizhniy Kuranakh,58.8353,125.4869,Snow,light snow,272.69,267.86,272.69,272.69,1017,94,312,100,4.66,RU
Prince Rupert,54.3161,-130.3201,Rain,moderate rain,282.15,278.9,282.15,282.15,1013,93,4828,90,6.69,CA
Ustupo,9.1333,-77.9333,Clouds,overcast clouds,298.51,299.27,298.51,298.51,1013,83,10000,100,2.34,PA
Cañon City,38.441,-105.2424,Clouds,scattered clouds,281.67,279.83,280.93,282.15,1022,57,10000,40,3.09,US
Prainha,-1.8,-53.48,Clouds,overcast clouds,295.9,296.63,295.9,295.9,1010,92,10000,98,0.51,BR
Rio Tinto,41.1826,-8.5581,Clouds,few clouds,282.29,282.29,282.04,282.59,1008,87,10000,20,1.03,PT
Jalu,29.0331,21.5482,Clear,clear sky,296.9,295.64,296.9,296.9,1015,12,10000,10,4.79,LY
Bragança,-1.0536,-46.7656,Clouds,overcast clouds,295.89,296.73,295.89,295.89,1010,96,10000,99,0.86,BR
Myitkyina,25.3833,97.4,Clear,clear sky,311.57,311.12,311.57,311.57,1010,23,10000,2,0.94,MM
Cockburn Town,21.4612,-71.1419,Clouds,broken clouds,298.48,299.05,298.48,298.48,1017,76,10000,70,9.32,TC
Krasnomayskiy,57.6194,34.4099,Clouds,broken clouds,276.65,273.76,276.65,276.65,1018,66,10000,54,3.12,RU
Goderich,43.7501,-81.7165,Clouds,overcast clouds,280.15,280.15,280.15,280.15,1012,93,10000,100,0.51,CA
Grindavik,63.8424,-22.4338,Clouds,broken clouds,277.15,274.03,277.15,277.15,1026,87,10000,75,3.6,IS
Andenes,69.3143,16.1194,Snow,light snow,274.15,269.41,274.15,274.15,1012,86,10000,75,5.14,NO
Itoman,26.1247,127.6694,Rain,light rain,292.84,293.16,292.15,293.15,1011,88,10000,75,9.26,JP
Namie,37.4833,141.0,Rain,heavy intensity rain,286.48,286.38,286.48,286.48,1007,96,5241,100,2.3,JP
Narsaq,60.9167,-46.05,Clouds,overcast clouds,275.15,271.98,275.15,275.15,1030,87,10000,90,3.09,GL
Hīrna,9.2167,41.1,Rain,light rain,290.38,290.38,290.38,290.38,1016,85,10000,96,0.47,ET
Purranque,-40.9167,-73.1667,Clouds,broken clouds,283.27,282.95,281.15,286.15,1016,100,7000,75,2.06,CL
Yagodnoye,62.55,149.6667,Clouds,scattered clouds,273.6,273.6,273.6,273.6,1022,95,10000,45,0.97,RU
Corinth,37.9407,22.9573,Clouds,few clouds,289.75,289.48,288.15,292.04,1011,77,10000,20,1.54,GR
Prince George,53.9166,-122.753,Rain,moderate rain,280.14,277.99,279.82,280.37,1018,93,10000,90,3.09,CA
Winnemucca,40.973,-117.7357,Clear,clear sky,282.15,280.74,282.15,282.15,1027,34,10000,1,2.57,US
San Cristobal,7.7669,-72.225,Clouds,overcast clouds,292.41,292.92,292.41,292.41,1014,97,10000,100,0.98,VE
Dāmghān,36.1683,54.348,Clouds,overcast clouds,295.87,295.19,295.87,295.87,1012,38,10000,96,0.88,IR
Manokwari,-0.8667,134.0833,Clouds,scattered clouds,301.4,304.45,301.4,301.4,1010,71,10000,27,1.79,ID
Bundaberg,-24.85,152.35,Clouds,broken clouds,298.45,298.42,298.15,298.71,1018,53,10000,75,7.72,AU
Konstantinovka,49.6167,127.9833,Clouds,few clouds,287.07,284.83,287.07,287.07,1004,12,10000,17,5.05,RU
Urengoy,65.9667,78.3667,Clouds,overcast clouds,273.63,271.52,273.63,273.63,1008,100,92,100,1.79,RU
Labis,2.385,103.021,Clouds,overcast clouds,302.96,308.44,302.96,302.96,1011,73,10000,98,0.35,MY
Ojinaga,29.5667,-104.4167,Clear,clear sky,290.86,289.37,289.26,292.15,1016,26,10000,1,1.54,MX
Cloquet,46.7216,-92.4594,Clear,clear sky,276.64,275.19,276.15,277.59,1013,87,10000,1,1.64,US
Upington,-28.4478,21.2561,Clear,clear sky,287.15,286.49,287.15,287.15,1016,72,10000,0,1.54,ZA
Vostok,46.4856,135.8833,Clear,clear sky,284.63,282.38,284.63,284.63,1009,21,10000,5,3.69,RU
Vardø,70.3705,31.1107,Snow,light snow,270.15,264.08,270.15,270.15,1005,74,10000,40,5.66,NO
Oistins,13.0667,-59.5333,Clouds,scattered clouds,299.15,299.15,299.15,299.15,1013,65,10000,40,9.26,BB
Shamkhal,43.0596,47.3373,Clouds,broken clouds,291.04,290.53,290.93,291.15,1019,63,10000,58,1.0,RU
Diourbel,14.6628,-16.3925,Clear,clear sky,293.97,293.65,293.97,293.97,1008,59,10000,3,5.56,SN
Río Gallegos,-51.6226,-69.2181,Clear,clear sky,277.15,272.5,277.15,277.15,1005,65,10000,0,6.69,AR
Sinnamary,5.3833,-52.95,Clouds,overcast clouds,297.54,298.41,297.54,297.54,1011,91,6702,100,4.05,GF
Lubango,-14.9172,13.4925,Clouds,broken clouds,290.09,289.62,290.09,290.09,1014,68,10000,62,1.49,AO
Chittarkonda,18.1167,82.0833,Clouds,scattered clouds,310.36,309.42,310.36,310.36,1011,23,10000,37,2.19,IN
Soma,39.1855,27.6094,Clouds,scattered clouds,287.77,287.74,286.15,291.48,1013,94,10000,40,2.06,TR
Sørland,67.667,12.6934,Snow,light snow,274.15,274.15,274.15,274.15,1014,86,10000,40,1.03,NO
Imbituba,-28.24,-48.6703,Clear,clear sky,292.15,292.12,292.15,292.15,1020,77,10000,0,4.63,BR
Thabazimbi,-24.5917,27.4116,Clear,clear sky,286.48,285.72,286.48,286.48,1017,71,10000,8,0.45,ZA
Tual,-5.6667,132.75,Clouds,broken clouds,301.79,304.94,301.79,301.79,1010,69,10000,59,1.84,ID
Erenhot,43.6475,111.9767,Clouds,few clouds,279.81,275.94,279.81,279.81,1009,11,10000,18,6.57,CN
Bambous Virieux,-20.3428,57.7575,Rain,moderate rain,298.68,299.61,298.15,299.15,1018,89,10000,75,6.17,MU
Twin Falls,42.3505,-114.6445,Clear,clear sky,286.15,284.37,286.15,286.15,1025,33,10000,1,5.66,US
Soe,-9.8607,124.284,Clouds,few clouds,300.04,300.83,300.04,300.04,1011,56,10000,17,2.66,ID
Lorengau,-2.0226,147.2712,Rain,heavy intensity rain,302.68,306.44,302.68,302.68,1008,67,10000,99,2.96,PG
Nouadhibou,20.931,-17.0347,Clouds,few clouds,292.15,292.4,292.15,292.15,1012,88,7000,14,5.14,MR
Saldanha,-33.0117,17.9442,Clouds,few clouds,282.15,282.15,282.15,282.15,1017,93,10000,20,0.51,ZA
Maumere,-8.6199,122.2111,Clouds,broken clouds,301.94,303.15,301.94,301.94,1011,55,10000,52,0.28,ID
Abashiri,44.0213,144.2697,Clouds,broken clouds,290.15,289.0,290.15,290.15,1011,42,10000,75,4.63,JP
Tazovsky,67.4667,78.7,Clouds,overcast clouds,272.66,270.02,272.66,272.66,1008,92,10000,100,2.08,RU
Micomeseng,2.1462,10.6164,Clouds,overcast clouds,293.36,294.02,293.36,293.36,1011,99,10000,99,0.4,GQ
Sambava,-14.2667,50.1667,Clear,clear sky,298.67,299.42,298.67,298.67,1015,82,10000,10,4.47,MG
Fare,-16.7,-151.0167,Clouds,broken clouds,300.9,303.58,300.9,300.9,1014,72,10000,59,4.41,PF
Geraldton,-28.7667,114.6,Clouds,overcast clouds,300.15,300.39,300.15,300.15,1015,47,10000,100,4.63,AU
Fortuna,40.5982,-124.1573,Clouds,overcast clouds,282.76,282.31,281.15,283.71,1026,100,3219,90,1.54,US
Plouzané,48.3833,-4.6167,Clouds,overcast clouds,279.8,278.93,279.15,280.15,1010,87,6000,90,1.54,FR
Salinópolis,-0.6136,-47.3561,Clouds,overcast clouds,298.71,299.51,298.71,298.71,1010,84,10000,100,2.29,BR
Palauig,15.435,119.9045,Clouds,overcast clouds,302.71,305.53,302.71,302.71,1011,62,10000,92,4.07,PH
Inzer,54.2167,57.5556,Clouds,broken clouds,278.15,275.69,278.15,278.15,1018,76,10000,65,2.96,RU
Zyryanka,65.75,150.85,Clouds,overcast clouds,274.08,271.61,274.08,274.08,1024,87,10000,100,2.14,RU
Vanimo,-2.6741,141.3028,Clouds,broken clouds,303.14,307.23,303.14,303.14,1008,66,10000,74,3.6,PG
Viedma,-40.8135,-62.9967,Clouds,overcast clouds,290.12,289.28,290.12,290.12,1016,54,10000,89,4.19,AR
Bonfim,3.0833,-59.95,Rain,light rain,299.06,299.59,299.06,299.06,1010,72,10000,96,1.66,BR
Coos Bay,43.3665,-124.2179,Clouds,broken clouds,283.15,282.29,282.59,284.15,1026,87,10000,75,2.06,US
Inhambane,-23.865,35.3833,Mist,mist,293.15,293.66,293.15,293.15,1017,94,5000,20,1.98,MZ
Fria,10.4167,-13.5833,Clouds,overcast clouds,294.89,295.21,294.89,294.89,1010,80,10000,97,0.43,GN
Raton,36.9034,-104.4391,Clear,clear sky,279.58,277.69,279.15,279.82,1023,65,10000,1,2.57,US
Muros,42.7762,-9.0603,Clouds,scattered clouds,278.08,275.48,275.93,279.26,1012,94,10000,46,3.13,ES
Naryan-Mar,67.6713,53.087,Clouds,broken clouds,270.3,267.02,270.3,270.3,1008,74,10000,54,2.27,RU
Sterling,39.0062,-77.4286,Clouds,scattered clouds,293.15,293.37,292.59,293.71,1011,83,10000,40,1.54,US
Jasidih,24.5167,86.65,Clouds,few clouds,311.57,310.36,311.57,311.57,1009,20,10000,16,6.29,IN
Itanhém,-17.1664,-40.33,Clouds,overcast clouds,294.74,295.3,294.74,294.74,1016,90,10000,91,1.55,BR
Morondava,-20.2833,44.2833,Clear,clear sky,298.97,299.44,298.97,298.97,1014,70,10000,1,2.66,MG
Portoferraio,42.8115,10.3146,Clouds,overcast clouds,288.52,288.67,288.15,288.71,1004,98,10000,91,1.34,IT
Ciudad Bolivar,8.1222,-63.5497,Clouds,overcast clouds,299.93,301.5,299.93,299.93,1011,68,10000,95,4.05,VE
Mormugao,15.4,73.8,Mist,mist,303.15,310.54,303.15,303.15,1011,79,5000,20,1.03,IN
Yabēlo,4.8833,38.0833,Clouds,overcast clouds,290.73,290.42,290.73,290.73,1014,72,10000,85,3.68,ET
Shahr-e Bābak,30.1165,55.1186,Clouds,overcast clouds,294.27,293.14,294.27,294.27,1014,27,10000,98,2.28,IR
Sabzawār,36.2126,57.6819,Clouds,broken clouds,296.15,295.5,296.15,296.15,1016,38,10000,75,5.14,IR
Aktash,50.3,87.7333,Clouds,broken clouds,283.71,282.05,283.71,283.71,1014,47,10000,76,2.85,RU
Portland,45.5234,-122.6762,Clear,clear sky,288.24,287.14,287.04,289.26,1023,51,10000,1,0.33,US
Ladário,-19.0047,-57.6017,Clouds,broken clouds,291.5,290.83,291.5,291.5,1016,55,10000,66,1.93,BR
Laguna,38.421,-121.4238,Clear,clear sky,292.82,291.63,292.04,294.15,1019,30,10000,1,4.12,US
Dwārka,22.2394,68.9678,Clouds,overcast clouds,302.53,305.37,302.53,302.53,1012,63,10000,98,4.32,IN
Pyn U Lwin,22.0333,96.4667,Clouds,broken clouds,303.15,308.19,303.15,303.15,1013,70,6000,75,5.14,MM
Sæby,57.3319,10.5225,Clouds,broken clouds,275.45,272.34,274.82,276.15,1009,87,10000,82,3.09,DK
Korem,12.5058,39.5228,Rain,light rain,287.05,286.64,287.05,287.05,1017,82,10000,83,2.22,ET
Vestmanna,62.1564,-7.1664,Clouds,scattered clouds,276.15,271.91,276.15,276.15,1023,75,10000,48,5.14,FO
Dudinka,69.4058,86.1778,Clouds,overcast clouds,273.53,270.48,273.53,273.53,1006,99,41,100,2.6,RU
Sidi Ali,36.0998,0.4206,Clouds,few clouds,287.38,286.79,287.38,287.38,1010,74,10000,14,3.85,DZ
Bani Walid,31.7566,13.9942,Clouds,overcast clouds,302.13,300.8,302.13,302.13,1012,26,10000,100,9.27,LY
Magnitogorsk,53.4186,59.0472,Clouds,scattered clouds,280.15,276.23,280.15,280.15,1016,49,10000,40,7.0,RU
Spassk,52.747,87.7545,Clouds,overcast clouds,285.73,285.05,285.73,285.73,1015,77,10000,95,2.08,RU
Partizanskoye,55.5006,94.39,Rain,light rain,277.03,272.15,277.03,277.03,1016,94,10000,100,7.2,RU
Puerto Carreño,6.189,-67.4859,Clouds,overcast clouds,297.15,298.01,297.15,297.15,1011,92,10000,100,2.14,CO
Havre-St-Pierre,50.2334,-63.5986,Clouds,broken clouds,277.15,274.8,277.15,277.15,1007,93,10000,75,2.57,CA
Havelock,34.8791,-76.9013,Clear,clear sky,292.77,293.09,292.04,293.71,1018,88,10000,1,5.66,US
Barra do Garças,-15.89,-52.2567,Clouds,overcast clouds,294.92,294.8,294.92,294.92,1013,63,10000,100,1.32,BR
Gijón,43.5357,-5.6615,Clouds,broken clouds,283.78,283.04,283.15,284.82,1010,82,10000,82,0.3,ES
Timberlake,37.3207,-79.2575,Clouds,broken clouds,295.04,294.96,294.82,295.15,1014,64,10000,75,2.57,US
Bud,39.447,-86.1758,Clouds,overcast clouds,292.04,292.57,292.04,292.04,1009,99,10000,100,5.43,US
Ahtopol,42.1,27.95,Clouds,few clouds,284.15,283.45,284.15,284.15,1015,82,10000,20,3.16,BG
Belmonte,-15.8631,-38.8828,Clouds,broken clouds,296.15,296.8,296.15,296.15,1015,88,8000,75,2.57,BR
Bekovo,52.4663,43.712,Clear,clear sky,280.34,277.88,280.34,280.34,1023,62,10000,7,3.67,RU
Daniel Flores,9.3355,-83.6694,Clouds,overcast clouds,294.72,295.31,294.72,294.72,1015,91,10000,92,0.67,CR
Archidona,37.0965,-4.3887,Clouds,few clouds,285.02,284.17,282.59,287.59,1007,73,10000,15,0.86,ES
Kotido,2.9806,34.1331,Clouds,overcast clouds,295.63,295.6,295.63,295.63,1012,64,10000,96,5.22,UG
Yuci,37.6803,112.7319,Clear,clear sky,293.15,291.6,293.15,293.15,1007,15,10000,0,8.0,CN
Aksarka,66.5606,67.7975,Clouds,overcast clouds,269.54,263.93,269.54,269.54,1006,86,10000,99,4.68,RU
Banda Aceh,5.5577,95.3222,Clouds,overcast clouds,303.0,307.14,303.0,303.0,1011,67,10000,100,2.2,ID
Pokoynoye,44.8097,44.2517,Clouds,broken clouds,285.86,285.07,285.86,285.86,1021,72,10000,63,6.15,RU
Port Hedland,-20.3167,118.5667,Clear,clear sky,308.15,305.8,308.15,308.15,1013,16,10000,0,6.69,AU
Mweka,-4.85,21.5667,Rain,light rain,293.5,294.18,293.5,293.5,1011,99,10000,100,0.52,CD
Atherton,53.5237,-2.4935,Clouds,broken clouds,277.3,277.3,276.48,278.15,1012,78,10000,64,0.89,GB
Lillooet,50.6856,-121.942,Clouds,overcast clouds,285.95,284.7,283.15,287.15,1022,54,10000,90,6.69,CA
Vilyuysk,63.7553,121.6247,Clouds,broken clouds,274.93,272.86,274.93,274.93,1023,79,10000,54,1.92,RU
Jati,24.3539,68.2671,Clouds,few clouds,305.92,307.0,305.92,305.92,1010,42,10000,20,5.66,PK
Marsaxlokk,35.8419,14.5431,Clear,clear sky,290.24,290.15,290.15,290.37,1011,82,10000,0,2.57,MT
Miyako,39.6367,141.9525,Clouds,overcast clouds,284.43,284.15,284.43,284.43,1012,97,3882,100,1.4,JP
Barranca,-10.75,-77.7667,Clouds,scattered clouds,291.99,292.18,291.99,291.99,1014,86,10000,33,3.08,PE
Diphu,25.8333,93.4333,Haze,haze,307.15,307.62,307.15,307.15,1013,36,2000,16,2.57,IN
Mongo,12.1844,18.693,Clouds,broken clouds,300.64,301.13,300.64,300.64,1008,51,10000,83,2.7,TD
Bay Roberts,47.5999,-53.2648,Clouds,overcast clouds,276.15,276.15,275.93,276.48,1008,91,10000,100,0.45,CA
Bilibino,68.0546,166.4372,Clouds,overcast clouds,270.94,268.72,270.94,270.94,1021,78,10000,97,1.59,RU
Bonnyville,54.2668,-110.735,Clouds,overcast clouds,273.16,270.07,272.15,274.15,1019,69,10000,90,2.57,CA
Sibolga,1.7427,98.7792,Clouds,overcast clouds,302.11,306.55,302.11,302.11,1012,74,10000,100,1.96,ID
Alugan,12.2188,125.4808,Clouds,few clouds,301.42,304.06,301.42,301.42,1010,68,10000,12,4.59,PH
Gamba,-2.65,10.0,Clouds,overcast clouds,297.38,298.26,297.38,297.38,1010,92,10000,100,1.49,GA
Porto-Novo,6.4965,2.6036,Clouds,few clouds,298.15,299.16,298.15,298.15,1008,94,6000,20,1.03,BJ
Kavaratti,10.5669,72.642,Clouds,few clouds,302.38,305.81,302.38,302.38,1013,67,10000,12,1.42,IN
Lashio,22.9333,97.75,Clear,clear sky,308.15,307.24,308.15,308.15,1011,27,10000,0,1.37,MM
Aloleng,16.1307,119.7824,Clouds,broken clouds,301.94,304.28,301.94,301.94,1011,63,10000,65,4.97,PH
Comodoro Rivadavia,-45.8667,-67.5,Clear,clear sky,287.15,286.22,287.15,287.15,1013,62,10000,0,3.6,AR
Asău,46.4333,26.4,Clouds,broken clouds,278.15,278.15,278.15,278.15,1014,63,10000,80,1.22,RO
Ereymentau,51.6199,73.1033,Clouds,overcast clouds,287.57,286.48,287.57,287.57,1011,54,10000,100,2.42,KZ
Ipixuna,-1.7625,-48.8043,Clear,clear sky,298.15,299.16,298.15,298.15,1012,94,10000,0,2.06,BR
Moose Factory,51.2585,-80.6094,Clear,clear sky,272.15,268.37,272.15,272.15,1016,74,10000,1,3.09,CA
Prince Albert,53.2001,-105.7677,Clouds,overcast clouds,274.15,271.79,274.15,274.15,1018,75,10000,90,2.06,CA
Bannu,32.9854,70.6027,Clouds,broken clouds,306.06,304.07,306.06,306.06,1010,21,10000,70,0.75,PK
Kollegāl,12.15,77.1167,Clouds,scattered clouds,300.15,302.35,300.15,300.15,1016,74,6000,40,2.06,IN
Duma,34.7653,108.135,Clouds,few clouds,301.15,300.08,301.15,301.15,1010,26,10000,20,7.0,CN
Qui Nhon,13.7667,109.2333,Clouds,overcast clouds,301.46,304.28,301.46,301.46,1013,69,10000,100,4.76,VN
Tahe,52.3333,124.7333,Clouds,overcast clouds,283.74,281.46,283.74,283.74,1001,23,10000,94,5.63,CN
San Ramon,37.7799,-121.978,Clear,clear sky,290.38,289.05,289.15,292.15,1021,34,10000,1,2.06,US
Włodawa,51.55,23.55,Clouds,broken clouds,278.15,274.91,278.15,278.15,660,86,10000,72,4.18,PL
Powell River,49.8496,-124.5361,Mist,mist,282.41,280.72,282.04,283.15,1027,87,8047,90,3.09,CA
Uttaradit,17.6667,100.5,Clouds,broken clouds,302.15,306.64,302.15,302.15,1014,74,10000,75,1.03,TH
Celestún,20.8667,-90.4,Clear,clear sky,300.93,302.08,300.93,300.93,1010,58,10000,0,7.57,MX
Verāval,20.9,70.3667,Clouds,broken clouds,303.83,306.23,303.83,303.83,1012,55,10000,64,3.51,IN
Antofagasta,-23.65,-70.4,Clear,clear sky,288.15,287.85,288.15,288.15,1017,82,10000,0,1.54,CL
Khilok,51.3674,110.4676,Clear,clear sky,279.13,277.3,279.13,279.13,1007,22,10000,3,2.39,RU
Srednekolymsk,67.45,153.6833,Clouds,overcast clouds,271.99,268.45,271.99,271.99,1024,82,10000,93,2.8,RU
Najrān,17.4924,44.1277,Clouds,scattered clouds,296.15,296.07,296.15,296.15,1018,60,8000,40,8.23,SA
Kangaatsiaq,68.3065,-53.4641,Clouds,overcast clouds,272.8,267.57,272.8,272.8,1031,82,10000,89,5.4,GL
Horta,38.5333,-28.6333,Clouds,scattered clouds,287.31,286.66,287.31,287.31,1022,72,10000,49,5.04,PT
Nové Město na Moravě,49.5614,16.0742,Clouds,overcast clouds,279.62,277.05,278.71,280.93,1007,98,2233,100,3.58,CZ
Belmopan,17.25,-88.7667,Clear,clear sky,299.64,299.64,299.15,300.37,1013,73,10000,0,1.56,BZ
Verkhniy Avzyan,53.5289,57.5372,Clouds,few clouds,278.88,276.11,278.88,278.88,1018,64,10000,24,3.65,RU
Savelugu,9.6244,-0.8253,Clouds,overcast clouds,300.61,303.02,300.61,300.61,1008,72,10000,100,3.59,GH
Acapulco de Juárez,16.8634,-99.8901,Clouds,overcast clouds,298.99,299.72,298.99,298.99,1013,80,10000,91,1.83,MX
General Pico,-35.6566,-63.7568,Clear,clear sky,286.01,285.68,286.01,286.01,1020,89,10000,0,3.26,AR
Maracaçumé,-2.0428,-45.9592,Clouds,overcast clouds,295.29,296.09,295.29,295.29,1010,97,10000,96,0.7,BR
Denpasar,-8.65,115.2167,Clouds,few clouds,303.15,308.19,303.15,303.15,1011,70,10000,20,4.63,ID
Kidodi,-7.6036,37.0044,Clouds,scattered clouds,295.94,296.73,295.94,295.94,1015,94,10000,32,0.8,TZ
Chikhli,20.35,76.25,Clouds,broken clouds,308.74,306.5,308.74,308.74,1011,17,10000,54,5.0,IN
Mattru,7.6244,-11.8332,Clouds,broken clouds,297.65,298.48,297.65,297.65,1010,89,10000,80,0.79,SL
Estelle,29.8458,-90.1067,Clouds,broken clouds,296.71,297.42,295.93,297.15,1015,88,10000,75,5.14,US
Chilca,-12.5211,-76.7372,Clouds,overcast clouds,290.84,291.12,290.15,291.48,1014,94,8000,90,2.57,PE
Mugur-Aksy,50.35,90.5,Clouds,few clouds,282.3,280.37,282.3,282.3,1015,56,10000,17,3.47,RU
Severnyy,50.677,36.5532,Clear,clear sky,278.15,276.52,278.15,278.15,1022,56,10000,0,2.0,RU
Kropotkin,45.4375,40.5756,Clouds,broken clouds,283.15,280.13,283.15,283.15,1020,85,10000,56,6.87,RU
San Andrés,12.5847,-81.7006,Clouds,few clouds,300.15,302.7,300.15,300.15,1013,78,10000,20,3.6,CO
Riviere-au-Renard,48.9957,-64.3971,Clouds,broken clouds,277.15,274.8,277.15,277.15,1009,81,10000,75,2.57,CA
Tingi,-11.3,35.0333,Clouds,overcast clouds,291.28,291.58,291.28,291.28,1016,93,10000,85,1.63,TZ
Minzhu,43.7286,127.3447,Clouds,overcast clouds,290.49,288.85,290.49,290.49,1001,22,10000,100,5.18,CN
Kyakhta,50.3508,106.4494,Clouds,overcast clouds,279.36,277.01,279.36,279.36,1006,44,10000,100,3.15,RU
Bowen,-20.0167,148.2333,Clouds,broken clouds,298.15,298.4,298.15,298.15,1016,65,10000,75,7.72,AU
Lázaro Cárdenas,17.9583,-102.2,Clouds,broken clouds,298.04,298.73,298.04,298.04,1013,82,10000,77,2.02,MX
Ambon City,-3.6954,128.1814,Clouds,overcast clouds,301.93,304.9,301.93,301.93,1010,67,10000,88,2.75,ID
Lovrenc na Pohorju,46.5406,15.3931,Clear,clear sky,281.1,279.9,278.15,283.15,1007,93,10000,0,2.06,SI
Kannapolis,35.4874,-80.6217,Clear,clear sky,294.7,294.58,293.71,295.37,1018,64,10000,1,2.57,US
Salym,60.0625,71.4789,Rain,light rain,280.12,276.95,280.12,280.12,1004,67,10000,76,5.0,RU
San Joaquin,37.9333,-121.3011,Clear,clear sky,293.59,292.53,292.59,294.15,1020,32,10000,1,4.63,US
Båtsfjord,70.6345,29.7185,Snow,light snow,270.15,264.08,270.15,270.15,1005,74,10000,40,5.66,NO
Shimoda,34.6667,138.95,Rain,moderate rain,291.7,291.91,290.93,292.15,1009,88,10000,75,8.75,JP
Lufilufi,-13.8745,-171.5986,Rain,light rain,303.92,312.93,303.71,304.15,1011,79,10000,40,3.6,WS
Bitung,1.4451,125.1824,Clouds,scattered clouds,300.15,303.78,300.15,300.15,1011,89,8000,40,3.09,ID
Acapetahua,15.2833,-92.7,Clouds,overcast clouds,299.15,299.15,299.15,299.15,1013,78,10000,90,1.19,MX
Griffith,41.5284,-87.4237,Rain,light rain,280.56,278.85,280.15,281.15,1012,100,10000,90,2.57,US
Nantucket,41.2835,-70.0995,Mist,mist,281.84,279.05,281.48,282.15,1009,93,8047,90,5.14,US
Honiara,-9.4333,159.95,Clouds,overcast clouds,300.51,303.59,300.51,300.51,1008,79,10000,93,1.48,SB
